{
  "users": [
    {
      "userName": "Rina",
      "password": "Rina@123"
    }
  ],
  "employees": [
    {
      "id": 2,
      "firstName": "omkar",
      "lastName": "pagar",
      "email": "om23@gmail.com",
      "contactNumber": 8596785786,
      "department": "Service Now",
      "gender": "male",
      "date": "2001-06-12",
      "password": "2001-06-12",
      "confirmpassword": "2001-06-12",
      "acceptTerms": true
    },
    {
      "id": 3,
      "firstName": "Afreen",
      "lastName": "Shaikh",
      "email": "afi.30shaikh@gmail.com",
      "contactNumber": 8789787787,
      "department": "Technical Support",
      "gender": "female",
      "date": "2002-06-30",
      "password": "2002-06-30",
      "confirmpassword": "2002-06-30",
      "acceptTerms": true
    },
    {
      "id": 4,
      "firstName": "rina",
      "lastName": "gholap",
      "email": "sdfdfs@tty.co",
      "contactNumber": "4565476767",
      "department": "Service Now",
      "gender": "female",
      "date": "2023-10-11",
      "password": "2023-10-11",
      "confirmpassword": "2023-10-11",
      "acceptTerms": true
    },
    {
      "id": 5,
      "firstName": "Akanksha",
      "lastName": "Patil",
      "email": "akanksha@gmail.com",
      "contactNumber": "866989968",
      "department": "Technical Support",
      "gender": "female",
      "date": "2023-10-18",
      "password": "2023-10-18",
      "confirmpassword": "2023-10-18",
      "acceptTerms": true
    }
  ]
}